n_sites,seed,convergence_round,round,train_loss,ihm_loss,decomp_loss,pheno_loss,elapsed_s,sigma_decomp,sigma_ihm,sigma_pheno,val_ihm_auroc,val_ihm_auprc,val_decomp_auroc,val_decomp_auprc,val_pheno_macro_auroc
2,42,45,1,0.8215117103147715,0.3892889656614528,1.3445276878286136,0.6959977449288014,4.6,1.0797548294067383,0.8929882049560547,1.0,0.6863739583020949,0.2910200061118135,0.5979487392372942,0.13751524625814607,nan
2,42,45,2,0.748992552142997,0.3778468501229474,1.3437933494951007,0.7172101907855039,4.0,1.1271358728408813,0.8085257411003113,1.0,0.693423433329668,0.30347114089858396,0.536355033843514,0.12302951024364704,nan
2,42,45,3,0.7071673897416311,0.3749566900678077,1.3490214537845429,0.7158111169869202,4.0,1.1490446329116821,0.7422704696655273,1.0,0.7042919119925628,0.3128749438550787,0.5211118810479514,0.11536216966828428,nan
2,42,45,4,0.6770955136769724,0.36719800531864166,1.357553131975982,0.714999119267193,4.0,1.1615839004516602,0.6913055181503296,1.0,0.6958075512060538,0.31821846360130235,0.5569969695711735,0.12707223605836146,nan
2,42,45,5,0.6539351358424108,0.3652663003148991,1.3413346737753356,0.7147335269565666,4.0,1.1595388650894165,0.6549594402313232,1.0,0.7414352522899861,0.3483736950628274,0.5146300418001195,0.12032275650807048,nan
2,42,45,6,0.646746929295719,0.36105883225603397,1.3549938451775296,0.7120004949611347,4.0,1.1600383520126343,0.6290830969810486,1.0,0.7617335752438265,0.3795808807818401,0.5045951391793893,0.11220524746035415,nan
2,42,45,7,0.6345685195974908,0.3536549715496047,1.356465707960087,0.7111624955610417,4.0,1.1651514768600464,0.6129071712493896,1.0,0.7528689384927578,0.35680314372537913,0.5360202709822869,0.11959083260234868,nan
2,42,45,8,0.6311147819439917,0.3522475094383981,1.3558845085348104,0.7094919481131707,4.0,1.1633127927780151,0.6034309267997742,1.0,0.7721076535015379,0.39538227467265863,0.4868601585360272,0.10294415363231643,nan
2,42,45,9,0.623140373604787,0.34890415477180065,1.3481104980389624,0.7071501164977727,4.0,1.1635420322418213,0.5967793464660645,1.0,0.7604977824871464,0.38744151446000097,0.4754622548221286,0.10879557213752515,nan
2,42,45,10,0.6195668738221497,0.34461626761865405,1.3553432124670937,0.7045164017177565,4.0,1.1642287969589233,0.5909074544906616,1.0,0.7793249830895902,0.41312299170567035,0.5078602745587677,0.11477215480380701,nan
2,42,45,11,0.6177062099417224,0.3434224975291298,1.3553512734096644,0.7028404945369371,4.0,1.166943907737732,0.5871253609657288,1.0,0.7688621876572335,0.4067545377232959,0.5249086986186907,0.11678976967370093,nan
2,42,45,12,0.6161802529507849,0.3445051645607927,1.3469103681468546,0.7009100734406684,4.0,1.1626704931259155,0.5874147415161133,1.0,0.7699617808077677,0.4085876024119758,0.6337353680954494,0.16081360064718098,nan
2,42,45,13,0.6017280122078141,0.34220634661126864,1.3172125904841194,0.7005705351912819,4.0,1.1507271528244019,0.5843586325645447,1.0,0.7763610797338318,0.4204485084812067,0.6577872015208559,0.16669247249640878,nan
2,42,45,14,0.5886133107556005,0.33965662590280893,1.2927617545211159,0.6952412878061486,4.0,1.1419768333435059,0.5835660099983215,1.0,0.7711971570518908,0.4212778078453403,0.5933929839239318,0.1315639733473796,nan
2,42,45,15,0.5755266836116407,0.33781598710076777,1.266260054694513,0.692310525860849,4.0,1.1269892454147339,0.5809800028800964,1.0,0.772803229471762,0.40347169451385134,0.6903778828723824,0.17752630207453043,nan
2,42,45,16,0.566161683553171,0.3376605025285196,1.2432133529384064,0.6924117186704577,4.0,1.1191277503967285,0.5817459225654602,1.0,0.7718577459673255,0.4160551147020377,0.6940916749958221,0.18144300667792404,nan
2,42,45,17,0.5670499074146738,0.339515239065391,1.2388272233404967,0.6884655640114863,4.0,1.1125379800796509,0.5830032229423523,1.0,0.7777147455441488,0.43183174135115043,0.6948335818774609,0.1927080434005354,nan
2,42,45,18,0.5644724673579353,0.33636288208211873,1.2438972915103863,0.6882845772405899,4.0,1.1125938892364502,0.5817472338676453,1.0,0.7841977634941738,0.4288878538910793,0.6926121189477908,0.18373246312982533,nan
2,42,45,19,0.5520990009391151,0.33555819513886254,1.2164249152075255,0.6868282022955116,4.0,1.106432557106018,0.579691469669342,1.0,0.7783461785805919,0.4162719229749769,0.6957984865951158,0.18839548765015168,nan
2,42,45,20,0.5558472582867052,0.3361924900693664,1.2233891148754603,0.6875115086418052,4.0,1.1088522672653198,0.5780582427978516,1.0,0.7167148155182582,0.302840365374232,0.6892644903355186,0.18215182484279685,nan
2,42,45,21,0.5566184808333368,0.3388436914921848,1.2154636003044494,0.6824199854026195,4.0,1.107060432434082,0.5795580744743347,1.0,0.7816532882833351,0.42970379526012303,0.6825043029534706,0.18626488112341885,nan
2,42,45,22,0.5490500324417931,0.3336696270771943,1.2158344645687587,0.6840053880058522,4.0,1.106070637702942,0.579109787940979,1.0,0.7356361479585886,0.4124860435312556,0.6912954205079241,0.196876718975516,nan
2,42,45,23,0.5568987530652092,0.33694076564114167,1.2231923875329795,0.6786740247859705,4.0,1.1085432767868042,0.5794735550880432,1.0,0.7778663561149043,0.42212162844941953,0.6971604232594726,0.1958603097243508,nan
2,42,45,24,0.5533020459928888,0.3333499433562225,1.2274621139447242,0.6795626175976216,4.0,1.1102083921432495,0.5785553455352783,1.0,0.7718877348714309,0.4244719954653456,0.6981647118431542,0.19715291329966972,nan
2,42,45,25,0.5462531512481157,0.3333154510722931,1.210368298807519,0.679611498351701,4.0,1.102475643157959,0.578488826751709,1.0,0.780412497375971,0.4295162367309768,0.694294980898825,0.18709598245656806,nan
2,42,45,26,0.5479394093351072,0.33263684666052656,1.2169724796536707,0.6757395007204281,4.0,1.1019880771636963,0.5753071308135986,1.0,0.7855435155659073,0.43572685648315135,0.6957777302332908,0.20040984953686888,nan
2,42,45,27,0.5404843297587733,0.3314256404555,1.2033810938289593,0.6758089159253383,4.0,1.0997258424758911,0.5747511386871338,1.0,0.7779221687975448,0.44001201185979605,0.697036417302929,0.19448905086053403,nan
2,42,45,28,0.5436372323587992,0.33120783597361053,1.2118496801134802,0.6759241322242537,4.0,1.1023262739181519,0.5760364532470703,1.0,0.7851861477919836,0.4404386980909689,0.6981822749185446,0.1986644470787689,nan
2,42,45,29,0.5449634891930626,0.3305852124914852,1.217361405166476,0.6752882586816513,4.0,1.1020256280899048,0.5740548968315125,1.0,0.7761544895055497,0.41053250020735566,0.6929282543048162,0.1824673678082569,nan
2,42,45,30,0.5437155997128466,0.3302993019595417,1.2153056440915604,0.6733200302811169,4.0,1.101732850074768,0.5740618705749512,1.0,0.7858342413307076,0.4395728295242932,0.7015032928105285,0.19351538821706404,nan
2,42,45,31,0.5331254544216473,0.32997516461334897,1.1909420740135892,0.672610197004793,4.0,1.0953879356384277,0.5742798447608948,1.0,0.7801496779524909,0.43520686238120754,0.6982759446539595,0.20364931726968816,nan
2,42,45,32,0.5370823222997407,0.3302881870597731,1.1993751747118855,0.6707361561762714,4.0,1.0963118076324463,0.5742349624633789,1.0,0.7810905798188004,0.43394518326336773,0.7022100735413868,0.20823400177916906,nan
2,42,45,33,0.5369870494807131,0.3305871839346323,1.198064446709562,0.6705852856282063,4.0,1.0919578075408936,0.5746349692344666,1.0,0.7732488979077741,0.4253574807394094,0.7014979706664708,0.21472151526990663,nan
2,42,45,34,0.5380684650100475,0.3299022704102587,1.2031031334244007,0.67043434792731,4.0,1.096503496170044,0.574016809463501,1.0,0.7889555864330198,0.43985187651727975,0.699971579750732,0.2072147100739995,nan
2,42,45,35,0.5321352634107182,0.3272085381777526,1.1986741220586685,0.6705922916466492,4.0,1.093851089477539,0.5730905532836914,1.0,0.7781637460806168,0.4161949651195075,0.6939032710961807,0.1929494910762361,nan
2,42,45,36,0.5383940166000716,0.32847424944675646,1.2091277928852098,0.6714812496343554,4.0,1.1005141735076904,0.573921263217926,1.0,0.7806078417652136,0.43213386741781057,0.6981673729151832,0.21583031219018903,nan
2,42,45,37,0.5353581144039288,0.32813296288121735,1.2030371612336437,0.6707489334339658,4.0,1.1009944677352905,0.5746448636054993,1.0,0.7853894059198097,0.44247583187701733,0.6921629299893237,0.2143934691532607,nan
2,42,45,38,0.5295767089164933,0.3268692473917549,1.1937649853885435,0.6707648390245229,4.0,1.0948529243469238,0.5733656287193298,1.0,0.7902201185561342,0.45165113873955265,0.700115277640289,0.20990844087505917,nan
2,42,45,39,0.5306641465972084,0.3282721999821184,1.1913031287588927,0.6723866254481686,4.0,1.0921142101287842,0.5736175179481506,1.0,0.7811801300185599,0.4380002571936307,0.6936690967576433,0.2054833893783421,nan
2,42,45,40,0.530342810539179,0.32740538895911003,1.1937467237226829,0.6730181710168264,4.0,1.0933693647384644,0.572861909866333,1.0,0.7786219098933396,0.43948232293531064,0.6964483203845568,0.20248739623375014,nan
2,42,45,41,0.5287334907263127,0.3262710483443789,1.1939931298447488,0.6723558272857333,4.0,1.0926487445831299,0.5718382000923157,1.0,0.7831552325639514,0.4357117107730151,0.6987666463360764,0.2120645445414393,nan
2,42,45,42,0.5288558697336105,0.3258486641286242,1.1958257839669306,0.673937307695114,4.0,1.0910698175430298,0.572808027267456,1.0,0.7885482371522536,0.44324829813809646,0.700368611697434,0.20364738654209838,nan
2,42,45,43,0.5247670038558511,0.325650945045542,1.1868787491165393,0.6749903268168587,4.0,1.0878586769104004,0.5713217258453369,1.0,0.7892929616042065,0.44346992258593637,0.7028615039740451,0.21297809862651718,nan
2,42,45,44,0.5273468029811392,0.32536516296290935,1.1940188582287086,0.6742237421102398,4.0,1.0921268463134766,0.5712559223175049,1.0,0.7902567716611519,0.43977955177096467,0.7005538223106408,0.20533463058598297,nan
2,42,45,45,0.5255859391397785,0.32438281347657916,1.193403639647638,0.6737082384559265,4.0,1.0936455726623535,0.5703107118606567,1.0,0.7918261909760056,0.43486717640078765,0.7004750545785874,0.2090423391595297,nan
2,42,45,46,0.5287766733804644,0.3240703319618275,1.202206781337355,0.672170301712236,4.0,1.0931428670883179,0.5685770511627197,1.0,0.7890047349147481,0.4385179193028075,0.7001983030875887,0.20107530391234624,nan
2,42,45,47,0.522115913671177,0.3243802240582012,1.1851720937474846,0.6697744370547966,4.0,1.0898298025131226,0.5688995718955994,1.0,0.7900485153826416,0.4415993298289975,0.698386645250359,0.20829283778128388,nan
2,42,45,48,0.5211580286379985,0.3240026741178796,1.1843033349670178,0.6709757028188247,4.0,1.0874254703521729,0.5680268406867981,1.0,0.7841940148811607,0.4328700486598872,0.6960896078750701,0.19676848843135392,nan
2,42,45,49,0.5176003991776679,0.3237330486030037,1.1768533100727865,0.6718296452901249,4.0,1.0853184461593628,0.5692777633666992,1.0,0.7918336882020319,0.44348075842949986,0.6923215298822423,0.2026536282249084,nan
2,42,45,50,0.5220853344061489,0.32450681111437785,1.1846196573374053,0.673126075205324,4.0,1.0863656997680664,0.568749725818634,1.0,0.7926725444918713,0.4475922686511203,0.7005543545250466,0.20647649324427092,nan
2,42,45,51,0.5132836836133982,0.321220540974338,1.1759306267879936,0.6754617711862623,4.0,1.0845297574996948,0.5677598118782043,1.0,0.7928499788411622,0.44320831588071896,0.7052820150914717,0.21960185592076215,nan
2,42,45,52,0.5152489822764584,0.3218728024756544,1.1780752646350443,0.6730572776502918,4.0,1.084956407546997,0.5671786069869995,1.0,0.7834576206803483,0.412348320354683,0.6979300052902113,0.19768984868983985,nan
2,42,45,53,0.5119487121375887,0.3211512644348186,1.1730813529814175,0.6727269632847549,4.0,1.0822443962097168,0.5676791667938232,1.0,0.7962387250050815,0.4494915280562628,0.6842999943585273,0.19514010938222653,nan
2,42,45,54,0.5166567069474266,0.32145593728561067,1.182980122524578,0.6727058952552263,4.0,1.0848002433776855,0.5672149062156677,1.0,0.7932256731675947,0.45571082526710205,0.7001477427190407,0.20987299058132108,nan
2,42,45,55,0.5105807716148909,0.32105807068566566,1.170119912863819,0.6740226758619583,4.0,1.081493854522705,0.5662915110588074,1.0,0.7897819473461486,0.4393586000577532,0.690378947301194,0.20226647767405354,nan
2,42,45,56,0.5126811837265065,0.3198425365392298,1.179422213260784,0.673048582920341,4.0,1.0854120254516602,0.5659045577049255,1.0,0.7991009992969269,0.4534418095621017,0.7021557876719984,0.20656785091316215,nan
2,42,45,57,0.5051876056662814,0.31900373660841363,1.1650334724172233,0.6740596768116847,4.0,1.0817937850952148,0.5641279816627502,1.0,0.786469839492721,0.42768928199219775,0.6866034183066854,0.20062907360146714,nan
2,42,45,58,0.5187697721620834,0.32244131060146347,1.1842819912985423,0.6761056117095281,4.0,1.0868054628372192,0.5674717426300049,1.0,0.7919703043207348,0.43810086033036894,0.7038860167051458,0.20792704933967582,nan
2,42,45,59,0.5110598403033211,0.3183586343667393,1.181150047019059,0.6786115856670396,4.0,1.0859782695770264,0.5656630992889404,1.0,0.7871804099149982,0.4563347272434204,0.7022803258429479,0.21196090938428397,nan
2,42,45,60,0.5053385326956037,0.3190066958879279,1.1653337463020759,0.6764513766921764,4.0,1.0832792520523071,0.5651373267173767,1.0,0.7871037716045064,0.44996878310263755,0.7086211282732517,0.21545228043691123,nan
2,42,45,61,0.5097010026332073,0.3179596708721469,1.1793618444272005,0.67747559375638,4.0,1.0833005905151367,0.5655297636985779,1.0,0.797729006934101,0.45634529287628234,0.7029487871365907,0.20508524596795677,nan
2,42,45,62,0.5045531985541098,0.31671462139708506,1.17192845131112,0.6793802544539672,4.0,1.082974910736084,0.5634286999702454,1.0,0.7902567716611519,0.442018061422566,0.7059589918156068,0.21136991395549357,nan
2,42,45,63,0.4965497587185239,0.3166921472575467,1.1533767947984055,0.6800453350533564,4.0,1.0784059762954712,0.5628474354743958,1.0,0.7896619917297267,0.44421302204441193,0.7082432560451574,0.21052512965789175,nan
2,42,45,64,0.4971543809472213,0.3162823984456375,1.1563107904908958,0.680302885942584,4.0,1.0759143829345703,0.563230037689209,1.0,0.7819340177467672,0.43975372357119596,0.7087765348797356,0.22387440311519058,nan
2,42,45,65,0.5002376968163069,0.3164146105274883,1.1629861124738334,0.6824878922716499,4.0,1.0796558856964111,0.5629468560218811,1.0,0.7936871690807734,0.4430905445351967,0.7129778353988574,0.22092781755648855,nan
2,42,45,66,0.49464967742757504,0.31863594347993357,1.141998750674152,0.6818029651475265,4.0,1.072898507118225,0.5634841918945312,1.0,0.7931656953593836,0.44157611677376496,0.7121550319275421,0.23570208312980923,nan
2,42,45,67,0.49775673325405373,0.31669464030640615,1.1561421486488075,0.6815056360965213,4.0,1.0726017951965332,0.5640469193458557,1.0,0.7884911749319418,0.4339865398701129,0.6929761536013352,0.20423456913197824,nan
2,42,45,68,0.493323491390095,0.3150899565766472,1.1518072163173725,0.6826982620501623,4.0,1.0742278099060059,0.5627962946891785,1.0,0.7762869404986822,0.414054463273108,0.7128522327990965,0.22295951807813238,nan
2,42,45,69,0.5003277983467652,0.3156536355549592,1.1658887839733774,0.6845666914527593,4.0,1.0785646438598633,0.5617828369140625,1.0,0.7968743231670948,0.44571205356122273,0.6947675872911457,0.2125228823254655,nan
2,42,45,70,0.48595047075155,0.3124333406639932,1.1445231507959324,0.683959374521497,4.0,1.072160005569458,0.561299741268158,1.0,0.7894887225060061,0.4417062682972515,0.7115174390694338,0.22906168900725352,nan
2,42,45,71,0.494518672014428,0.3149234861395765,1.1551413184690684,0.6843721267958396,4.0,1.074386715888977,0.5600549578666687,1.0,0.7906233027113301,0.4354569514063356,0.7081974856062614,0.22694408168700086,nan
2,123,29,1,0.8285813982309733,0.3883529112849173,1.3596978109476348,0.7220977086687713,4.0,1.0798780918121338,0.8934529423713684,1.0,0.6551888301328508,0.28432724917078905,0.5143516936659035,0.1055826145008153,nan
2,123,29,2,0.7552015635644505,0.37596937799297564,1.3616543529335587,0.7146293310098774,4.0,1.127662181854248,0.8085509538650513,1.0,0.6818110632399346,0.30163043625472463,0.4992729951217228,0.10864735754277417,nan
2,123,29,3,0.7076507670129751,0.3758414951864809,1.3481877162466924,0.7136064900581494,4.0,1.1470736265182495,0.7423216104507446,1.0,0.6923659079473927,0.3072719764154578,0.5992845973957684,0.13851011164846705,nan
2,123,29,4,0.6758777149119232,0.3733188168320593,1.337697796425965,0.7219909145842474,4.0,1.1538370847702026,0.6922746896743774,1.0,0.7038387463305245,0.31594275890749457,0.49958753383553084,0.11134258173420727,nan
2,123,29,5,0.6581629331195198,0.3675893398741968,1.3447227254184573,0.7205323116227529,4.0,1.1577931642532349,0.6563280820846558,1.0,0.7049283431796902,0.31668912705507424,0.5925371831594589,0.1380433768707016,nan
2,123,29,6,0.6388228358660203,0.36470830629225903,1.3211069297061737,0.7209848433602846,4.0,1.1516666412353516,0.6318052411079407,1.0,0.709805705222401,0.3207075718328466,0.6829114469738821,0.179053666296267,nan
2,123,29,7,0.6133681944364023,0.36119492345501764,1.273729532046089,0.7267458649701947,4.0,1.1335971355438232,0.6168819665908813,1.0,0.7268743898091039,0.34665357062323565,0.651202644892711,0.15356123743011674,nan
2,123,29,8,0.6080760605730865,0.360770672885091,1.2644535243250918,0.730982247658692,4.0,1.128104567527771,0.6081860661506653,1.0,0.7208595319731699,0.3392359838278148,0.6282940080108913,0.15795738495144107,nan
2,123,29,9,0.5921484760321905,0.35224486503538605,1.2547962990910726,0.7321597233609861,4.0,1.1231058835983276,0.5998250842094421,1.0,0.7550173102618699,0.3939576416972741,0.682373378209652,0.1803574992697625,nan
2,123,29,10,0.5858959657136009,0.3486394237352771,1.2524900329685629,0.7330273611056232,4.0,1.1215282678604126,0.5938310623168945,1.0,0.7595606292338501,0.39730081255778205,0.6872622997410245,0.18480017322893955,nan
2,123,29,11,0.5838563284759438,0.3504662031559965,1.241113384477957,0.7369191727263438,4.0,1.1140557527542114,0.5936325192451477,1.0,0.7557012238804975,0.40698304600744517,0.6944610317934242,0.1920593539561752,nan
2,123,29,12,0.5687221409712296,0.34337409452319667,1.2288586598816917,0.7366331388856646,4.0,1.109208583831787,0.589647114276886,1.0,0.768063733085425,0.43100330340907694,0.6928569375744436,0.19412288434703362,nan
2,123,29,13,0.5794668420173196,0.34910700538533224,1.235034011597196,0.737775122754959,4.0,1.1094293594360352,0.5908169150352478,1.0,0.7481202788301662,0.3575178088619838,0.6932869668143029,0.19374292703044677,nan
2,123,29,14,0.5648631682562516,0.3449117492510242,1.2140246059696747,0.7414264072497339,4.0,1.1064378023147583,0.5881913900375366,1.0,0.7711221847916272,0.40400502076817485,0.6867449873386193,0.19034418551429083,nan
2,123,29,15,0.5613667849109683,0.33929687289431626,1.2255825343090374,0.7385585763568961,4.0,1.1076840162277222,0.5839003920555115,1.0,0.7805478639570027,0.4329505362484934,0.6859418758003174,0.1804506628470742,nan
2,123,29,16,0.5577067063885485,0.33987085553756446,1.2145998811097125,0.7373702588560279,4.0,1.103448748588562,0.5840582847595215,1.0,0.7769075442086428,0.4352761954257166,0.6886769256315523,0.19469007507750155,nan
2,123,29,17,0.559175670927789,0.337250501633211,1.2275234044379022,0.7357265311557654,4.0,1.1053448915481567,0.5822248458862305,1.0,0.7739861251337006,0.4400662122159139,0.6947005282760192,0.20766260431402403,nan
2,123,29,18,0.5542619423574756,0.33564629435018684,1.221473882031753,0.7358825917327247,4.0,1.1051828861236572,0.5791786909103394,1.0,0.765609224586903,0.42548362194450284,0.6881085206461935,0.19321346461047814,nan
2,123,29,19,0.5570883516661465,0.33986353171444356,1.2130282763310396,0.7367997651016869,4.0,1.1010419130325317,0.5814839005470276,1.0,0.7852911089563528,0.4245539058615286,0.6866305612413794,0.19808611536523918,nan
2,123,29,20,0.5589322926696211,0.33818390760489425,1.223584651426457,0.7370668199385098,4.0,1.1041179895401,0.5827317237854004,1.0,0.7688563564814351,0.3919364367561254,0.6889462261208702,0.18863674877972242,nan
2,123,29,21,0.5746278945014986,0.34774767278844093,1.227739973880318,0.7352821855565866,4.0,1.1073615550994873,0.5898089408874512,1.0,0.7152570215686862,0.323471128199811,0.6949464113314833,0.21050217723014547,nan
2,123,29,22,0.5797570770744673,0.3548164406718125,1.2156979353146782,0.733581966968603,4.0,1.1038153171539307,0.593037486076355,1.0,0.7325098047055922,0.3497741971693321,0.6900564253712994,0.19803418540008497,nan
2,123,29,23,0.5627537464731125,0.3449342565114842,1.2087990959138328,0.7350113876001283,4.0,1.1043621301651,0.5888164639472961,1.0,0.7725816447914271,0.41174768254615546,0.6928516154303859,0.19799363983392934,nan
2,123,29,24,0.5551387126268779,0.34029429897210484,1.2067639848550855,0.7380482726222043,4.0,1.1023014783859253,0.5848891735076904,1.0,0.7815933104751243,0.4331850771304815,0.6950943669362865,0.20760577065502683,nan
2,123,29,25,0.5500120947454694,0.33774196092999137,1.203576385974884,0.7387025744113339,4.0,1.0981758832931519,0.5827206373214722,1.0,0.7839357770958079,0.4182184284723849,0.691977719376117,0.20096699277028846,nan
2,123,29,26,0.5544794132876084,0.3381848194713676,1.2127727673563895,0.7395686918471057,4.0,1.0988200902938843,0.5830183625221252,1.0,0.7810460129751992,0.4283400917522638,0.6904119445943515,0.19965373808739575,nan
2,123,29,27,0.5475273688026912,0.3350014667063301,1.2073923859533784,0.7385867714361333,4.0,1.1020575761795044,0.5816487669944763,1.0,0.7665430457397429,0.4076983091721227,0.7041537205512464,0.21052620772079114,nan
2,123,29,28,0.5412734420278708,0.33480090488512965,1.1930422181645857,0.7362014029223846,4.0,1.0963884592056274,0.5800002217292786,1.0,0.7762169663891028,0.4385845733215519,0.7041441406919425,0.20586452249817375,nan
2,123,29,29,0.5474644514150494,0.3345148735822028,1.208972683640026,0.7330175836013394,4.0,1.099202036857605,0.5780178308486938,1.0,0.7826254285914213,0.4410034207406006,0.7012648607567451,0.20776723001560893,nan
2,123,29,30,0.549513731070481,0.3354042664365477,1.2107399499051956,0.7335871838065735,4.0,1.1000821590423584,0.5791282057762146,1.0,0.7813842211714999,0.430775958734266,0.6917307718918413,0.20406449871560312,nan
2,123,29,31,0.5447648827425777,0.3329314189316404,1.208183721683952,0.7343485581822791,4.0,1.0989689826965332,0.5770605206489563,1.0,0.7777547307496226,0.4341979256888222,0.7034975001889361,0.2128795291795169,nan
2,123,29,32,0.5347861996384167,0.3317733977689493,1.1883162395402334,0.7362004974002921,4.0,1.0949081182479858,0.5759128332138062,1.0,0.7870083902289485,0.44170198103350733,0.7007528704983975,0.20593480034013173,nan
2,123,29,33,0.5380720602893413,0.3307767561819876,1.1999254466144278,0.7362259004313872,4.0,1.095680832862854,0.5761833190917969,1.0,0.7754714089120358,0.4334863363461583,0.7006592007629826,0.21438280361080594,nan
2,123,29,34,0.5417140511446125,0.33129610726406483,1.2068229114644913,0.732948636904554,4.0,1.100344181060791,0.5759583115577698,1.0,0.7814292045276581,0.4258122421145599,0.7008369603745086,0.20160995813293286,nan
2,123,29,35,0.5455667847629198,0.3332465787511726,1.2090220758488084,0.7318696863786622,4.0,1.1026486158370972,0.5754693150520325,1.0,0.7875960894469045,0.43232724362380937,0.6978352711259848,0.21103913925120799,nan
2,123,29,36,0.5354315719229685,0.33268482784647085,1.1867041392617872,0.7345085175276844,4.0,1.0922999382019043,0.5764778852462769,1.0,0.7813992156235527,0.4494650427930534,0.7037513664604869,0.20967436418420968,nan
2,123,29,37,0.5316746534218434,0.3307844155089824,1.1845510604600198,0.735532967544539,4.0,1.0896903276443481,0.5748834609985352,1.0,0.7831752251666884,0.41713639825761006,0.6986474303091846,0.21106871686326031,nan
2,123,29,38,0.5323964849309629,0.33192453400016353,1.1822745518913436,0.7382473438067207,4.0,1.0904711484909058,0.576359748840332,1.0,0.7862349264105614,0.4388731080783018,0.6954669170203231,0.20475846756896013,nan
2,123,29,39,0.5348060576155717,0.32964950012588085,1.1961968587996137,0.7365935030983004,4.0,1.0925170183181763,0.5757207870483398,1.0,0.7769342010122919,0.43478801311897014,0.6888131725194285,0.20036350649053092,nan
2,123,29,40,0.5312871063640544,0.3295855170774668,1.1880336401243918,0.7366948997089436,4.0,1.089383840560913,0.5744642615318298,1.0,0.7886140461362628,0.44590514373482815,0.6983078775183055,0.20564917073985148,nan
2,123,29,41,0.5307388165111625,0.3284365849073277,1.1909254011108366,0.7350454015502763,4.0,1.0928654670715332,0.5750574469566345,1.0,0.7818640436371875,0.4371677465433217,0.6976298363653588,0.2111990760648892,nan
2,123,29,42,0.5313528046076995,0.32808655259650865,1.1936372177569627,0.7349303367356546,4.0,1.0911424160003662,0.5727945566177368,1.0,0.7891805032138108,0.4248085940700218,0.6887546289347942,0.19866224963868126,nan
2,123,29,43,0.534376957010494,0.33178779866757874,1.1874548894349144,0.7352358271981951,4.0,1.0913645029067993,0.5744383335113525,1.0,0.786933834481242,0.4467201079797662,0.6981407621948948,0.214695479247547,nan
2,123,29,44,0.5297987524859249,0.3294951337914279,1.1848986383088291,0.7349257672197433,4.0,1.088086724281311,0.5748364329338074,1.0,0.7882974965929272,0.44373664496858417,0.6988730892172297,0.20518279003840706,nan
2,123,29,45,0.5306726569171556,0.32945439238995966,1.1871350740761737,0.7368478410629206,4.0,1.0893006324768066,0.5737472772598267,1.0,0.785437304863867,0.4474177682009776,0.7026943886506343,0.21226778837942034,nan
2,123,29,46,0.5228589609200257,0.3265390826234651,1.179081890780853,0.7425642711106346,4.0,1.0870808362960815,0.5710861086845398,1.0,0.7891096960791173,0.4256807556406743,0.6967751000296976,0.20931147523872842,nan
2,123,29,47,0.5172318348978284,0.3265327778705863,1.1658884323320013,0.7409660470017179,4.0,1.081646203994751,0.5713589191436768,1.0,0.7859392024950769,0.45061733849106966,0.6956319034861108,0.21439922765585467,nan
2,123,29,48,0.5235950495218086,0.3287512181107134,1.1728957381310943,0.7435847796727476,4.0,1.0828193426132202,0.5733644366264343,1.0,0.7874074092585743,0.4413715437643755,0.701264860756745,0.21030223128413894,nan
2,123,29,49,0.5257472705632839,0.32780144057810046,1.1813866529922818,0.7447335139632746,4.1,1.0866992473602295,0.5717499256134033,1.0,0.7826987348014569,0.44310830841205173,0.7005399847360909,0.21289949151246879,nan
2,123,29,50,0.5203403395856833,0.32495474112606465,1.17889932904181,0.7423531540616631,4.0,1.0863553285598755,0.5706214904785156,1.0,0.782581694772934,0.44955243126559247,0.7078206778069787,0.2149434850764721,nan
2,123,29,51,0.5214448033722207,0.3267805897122387,1.1749146502611418,0.7408644002597925,4.0,1.0842339992523193,0.5728217363357544,1.0,0.7853777435682131,0.42805860770754356,0.6910410220219677,0.2032181845510305,nan
2,123,29,52,0.5226432183944503,0.3265509461601749,1.178516920737304,0.7361270092980831,4.0,1.0831953287124634,0.5707709789276123,1.0,0.7863415536251587,0.4370119507472609,0.706013277684995,0.21263144246827193,nan
2,123,29,53,0.5222758957912829,0.3244257109914805,1.1854417368314152,0.7357745464712251,4.0,1.0884045362472534,0.5703930258750916,1.0,0.7884849272435864,0.4374658154969629,0.7096802349407272,0.22185757531865657,nan
2,123,29,54,0.5152432353736012,0.32427163854827007,1.1694013182252776,0.7396188417376389,4.0,1.083749771118164,0.5698225498199463,1.0,0.7706423623259394,0.42463518983738835,0.7127010839078588,0.23054840695735662,nan
2,123,29,55,0.5160686084797289,0.32502088399693435,1.1685752113833698,0.7385135524658136,4.0,1.0814263820648193,0.569206953048706,1.0,0.784260656890284,0.435623541218119,0.7151529956752257,0.22529526995057447,nan
2,123,29,56,0.5071006875371308,0.3236527353785444,1.1526122535680579,0.7356249148668681,4.0,1.0771784782409668,0.5692428350448608,1.0,0.786389869081773,0.450863976368574,0.7117665154113326,0.22234685955584085,nan
2,123,29,57,0.5120100637971053,0.3247607909956353,1.1600624778385247,0.7369370752026421,4.0,1.074955940246582,0.571702778339386,1.0,0.7912180826427556,0.442814427943648,0.7131460151510798,0.223666598659913,nan
2,123,29,58,0.5059830336851845,0.321237006627316,1.1587644505709018,0.7375811432126308,4.0,1.0754109621047974,0.568413257598877,1.0,0.7868671924721188,0.44447256559253795,0.7125062934353482,0.22949036545808132,nan
2,123,29,59,0.5115685485075655,0.32576530241289514,1.15546002762807,0.7376425274074337,4.0,1.0766634941101074,0.5695263743400574,1.0,0.7815516592194222,0.4319116480726797,0.7008114140830319,0.22141998137061694,nan
2,123,29,60,0.5088969298585534,0.32482256105893564,1.1526313236707162,0.7409388407349066,4.0,1.0744898319244385,0.5694528222084045,1.0,0.7800630433406306,0.4324286379281999,0.7007858677915549,0.222487183363907,nan
2,123,29,61,0.512539691539831,0.32451148188010054,1.1622527434315744,0.7413529462168831,4.0,1.079209804534912,0.5706732273101807,1.0,0.7840648959884843,0.4419581172981978,0.7219839675732408,0.22703002551871526,nan
2,123,29,62,0.5010612850366201,0.324187600000977,1.1367185204310188,0.7429266178972336,4.0,1.0696038007736206,0.5709898471832275,1.0,0.7897586226429554,0.44527729417586887,0.7098782186996725,0.21796908554075117,nan
2,123,29,63,0.5013757933695764,0.32310755140916747,1.141516559769493,0.739760515731495,4.0,1.0712288618087769,0.5679054856300354,1.0,0.7831373225239995,0.4227415208332979,0.7090586085147919,0.22266064066180558,nan
2,123,29,64,0.503496462601241,0.32306622925283607,1.1464435864223663,0.7386704061229156,4.0,1.0694856643676758,0.5685148239135742,1.0,0.7876752268327386,0.445636644520394,0.6936770799737298,0.21821606800117288,nan
2,123,29,65,0.4941259652506316,0.32323579099761346,1.1246060494772732,0.7401160493688291,4.0,1.0631611347198486,0.5693677067756653,1.0,0.7810393487742869,0.4159946226895851,0.7129043898108617,0.22538135412706178,nan
2,123,29,66,0.4902687908260062,0.32030876579503303,1.1261433159940628,0.7401101263850016,4.0,1.0626986026763916,0.5677556395530701,1.0,0.7967193804958832,0.45302227346820817,0.7152184580471349,0.23429550631866208,nan
2,123,29,67,0.493689461306193,0.31961014196602017,1.136363135414873,0.741838263892711,4.0,1.0654895305633545,0.5664085149765015,1.0,0.7900976638643702,0.4468288986286193,0.7228610569139442,0.23185264901721941,nan
2,123,29,68,0.4871032763776821,0.32134516973162325,1.115450840069217,0.7414457756358984,4.0,1.0565402507781982,0.5666566491127014,1.0,0.7852986061823791,0.4370005862358426,0.7182818841667278,0.22791159745679865,nan
2,123,29,69,0.4953700258481971,0.3219634697296734,1.131825076180254,0.7429391812028843,4.0,1.0611495971679688,0.5676130056381226,1.0,0.7853719123924148,0.4470602830213395,0.7184340974867771,0.23839506177056902,nan
2,123,29,70,0.49068609869115737,0.32202429321134973,1.1211432431983115,0.7466805551249908,4.0,1.0592817068099976,0.5666325688362122,1.0,0.795177451009793,0.4570366429627413,0.7112747493004041,0.23349185421582622,nan
2,123,29,71,0.4894278515374296,0.32068305244612383,1.1230136952545966,0.7476990631574106,4.0,1.059266448020935,0.5671662092208862,1.0,0.7819369333346663,0.4459659660761811,0.7193644082680573,0.2379919032947036,nan
2,123,29,72,0.4857248071760069,0.31968532814989964,1.118148028329991,0.7476637662758473,4.0,1.0601894855499268,0.5652419328689575,1.0,0.7920694343093055,0.43083919057049547,0.7244859074947497,0.23146234563836754,nan
2,123,29,73,0.47550121366196846,0.3190780679927122,1.0975048968885663,0.7526651266880952,4.0,1.051006555557251,0.5647862553596497,1.0,0.7976240457697319,0.45333952792156784,0.7257105328424187,0.22916328878697045,nan
2,123,29,74,0.4796620315859932,0.31677733003832886,1.1147115555913167,0.7529917328118236,4.0,1.0531607866287231,0.5634198784828186,1.0,0.7954606795485669,0.43713764824217505,0.7250516514080798,0.22958408401364203,nan
2,123,29,75,0.46865323120850144,0.31507293196744796,1.096398676586984,0.7502052242578898,4.0,1.0483542680740356,0.5618920922279358,1.0,0.7907099373231905,0.43772297020958306,0.7136175571145889,0.22952211470804096,nan
2,123,29,76,0.4749396297608921,0.31518178625138044,1.1099501863837762,0.7491557644964826,4.0,1.0534123182296753,0.5629299283027649,1.0,0.7898427581794735,0.435912789009337,0.7222649767794855,0.23407520570475532,nan
2,123,29,77,0.46319212416374006,0.3136052976008586,1.0894943652715225,0.7496007261838454,4.0,1.0447407960891724,0.5615703463554382,1.0,0.7852719493787299,0.4281024996083055,0.7221691781864475,0.22953762408087378,nan
2,123,29,78,0.4777303141537712,0.31601636567230307,1.1131209494245105,0.7449922605893498,4.0,1.0528936386108398,0.5626627802848816,1.0,0.7918695082819357,0.4364301591312995,0.7203032344798296,0.24647031020126797,nan
2,123,29,79,0.46327093712107065,0.31515203813278,1.0842276249389982,0.7457463257177428,4.0,1.0451810359954834,0.5624524354934692,1.0,0.7907690821062873,0.4376847535924428,0.7169045132846039,0.22362746056564956,nan
2,123,29,80,0.46423598837644253,0.31317826702084606,1.0933817848888547,0.7480080877329064,4.0,1.0443943738937378,0.5610634684562683,1.0,0.7894504033507602,0.4269696763921909,0.7178816589335915,0.2210737820396865,nan
2,123,29,81,0.46303332346495585,0.3141621659351228,1.087345825142215,0.7468781257820962,4.0,1.0468673706054688,0.5601403117179871,1.0,0.797705682230908,0.4401204541505635,0.7230271078085433,0.23656947381182386,nan
2,123,29,82,0.46749436373793923,0.31317686292802405,1.100545980524288,0.7426614141880685,4.0,1.0488569736480713,0.5603851079940796,1.0,0.7780804435692128,0.4384534630433237,0.7281970385461606,0.25449616228344896,nan
2,123,29,83,0.45655959714448086,0.3126003334876231,1.0785371221309146,0.7544291566032509,4.0,1.0437290668487549,0.559604823589325,1.0,0.7913563648116864,0.4419184034968391,0.7247663844865888,0.2326641458173942,nan
2,123,29,84,0.45382609026400805,0.3127062586522519,1.0723502471977966,0.7587641084558578,4.0,1.0402907133102417,0.5598323941230774,1.0,0.785194478043124,0.4375662316322044,0.7192419989547308,0.23716637157776027,nan
2,123,29,85,0.45425434573248485,0.3116323510632244,1.0771073508991424,0.7510709989018836,4.0,1.036871314048767,0.5581392049789429,1.0,0.7956081249937523,0.43673363867074827,0.7289176568515685,0.23627631034210586,nan
2,123,29,86,0.4614975669758809,0.31238089143969605,1.0901786291963669,0.7384693276413663,4.0,1.0425870418548584,0.559359610080719,1.0,0.7972962503873567,0.44175907347232396,0.7222447526320666,0.23932583696103674,nan
2,123,29,87,0.4474340275125212,0.3085012807466057,1.0731535114055117,0.7426878435122394,4.0,1.0372371673583984,0.5575518012046814,1.0,0.7948025897084744,0.43955171756697464,0.7255870591002809,0.21478485789434104,nan
2,123,29,88,0.4501489430796111,0.3113270953753109,1.0693246519201187,0.7433453072106474,4.0,1.0359325408935547,0.5593187212944031,1.0,0.7860458297096741,0.438361594427206,0.71609661181665,0.22359896739865254,nan
2,7,32,1,0.8277279919411938,0.38983213016559987,1.3556360711697408,0.6716156945478448,4.0,1.0775048732757568,0.8934131860733032,1.0,0.685223134107047,0.28071258396110993,0.4880517865905387,0.09727401450400844,nan
2,7,32,2,0.7566318759231068,0.378287003550467,1.360916216821129,0.6700964213458732,4.0,1.1283385753631592,0.8086503148078918,1.0,0.7012126346585097,0.3098733299217487,0.47123540801152985,0.0972887121432617,nan
2,7,32,3,0.708341426984712,0.37435659701126633,1.3541524785054302,0.6741071843163936,4.0,1.1505237817764282,0.7415170669555664,1.0,0.7055597762161333,0.3116739332614946,0.5303883781404641,0.11426022691125917,nan
2,7,32,4,0.6782686897760916,0.3694951924043972,1.355570125007213,0.6784380041876215,4.0,1.1590352058410645,0.6907695531845093,1.0,0.704723835514193,0.3214152875827807,0.5250784750141303,0.10915721516966166,nan
2,7,32,5,0.6517699847575359,0.36392703418127836,1.3404090740274655,0.6779528239408434,4.0,1.1593878269195557,0.6534298062324524,1.0,0.7346156921938882,0.34194444979885597,0.5690468359321362,0.12837861074178405,nan
2,7,32,6,0.6452360803903971,0.35995850331398077,1.3551246123022387,0.6874438339445789,4.0,1.1633012294769287,0.6283175349235535,1.0,0.7302598038725672,0.33267979240282314,0.5513719955166259,0.12815980457713538,nan
2,7,32,7,0.6387925188354009,0.35982287541747615,1.346103277529171,0.6925708357423674,4.0,1.1639350652694702,0.6143848896026611,1.0,0.7422895195444352,0.34155114364915906,0.521728717544235,0.11211166873281107,nan
2,7,32,8,0.6264350269819451,0.35655806138786167,1.3270942589601575,0.6973491589575356,4.0,1.1550806760787964,0.6053926944732666,1.0,0.733335332593607,0.34915985564860774,0.4954783064086066,0.11115718479322209,nan
2,7,32,9,0.6279851399915187,0.35237396088750084,1.34777260034886,0.7025070167004281,4.0,1.160184383392334,0.5995972752571106,1.0,0.761136712749616,0.3831666139321432,0.559717117399047,0.12002441254768158,nan
2,7,32,10,0.626102249695224,0.35130731696384965,1.347259732313031,0.7081795753870469,4.0,1.1606535911560059,0.595600426197052,1.0,0.7509229918263576,0.3724883840519695,0.6644090131574045,0.16313489725754152,nan
2,7,32,11,0.5961893226902558,0.3488713051944841,1.2772066273022948,0.7215957459403959,4.0,1.1350032091140747,0.5925370454788208,1.0,0.7578720873276887,0.3681643987469308,0.6500344342720531,0.16147371341192857,nan
2,7,32,12,0.576102868828711,0.34131731847748487,1.2544298632696727,0.7292259137703342,4.0,1.1211947202682495,0.5871959924697876,1.0,0.7807452909090303,0.40713042685917844,0.6771661924636312,0.17274880243892815,nan
2,7,32,13,0.575561879633816,0.34651080131791046,1.2345808809501115,0.734442998488397,4.0,1.1132367849349976,0.587005078792572,1.0,0.751761848116197,0.3938045057384134,0.6930490669749253,0.19366234508983046,nan
2,7,32,14,0.5774530299886346,0.3463705193137498,1.239871843412974,0.7326108740406786,4.0,1.113215446472168,0.5871670246124268,1.0,0.7799189299959015,0.4036238644392957,0.6879445986092172,0.18536789420035205,nan
2,7,32,15,0.5727084230908139,0.3418018554365791,1.244464181396118,0.7319017404031545,4.0,1.1143254041671753,0.5855408310890198,1.0,0.775575537051291,0.4094155598698092,0.6945429928119122,0.18842910515383882,nan
2,7,32,16,0.5729256778565036,0.3405952794583083,1.2495034321426826,0.7273452732240269,4.0,1.1165107488632202,0.5834882259368896,1.0,0.7773523796195407,0.41332149622652564,0.6821030132915227,0.18738795654707435,nan
2,7,32,17,0.5653360363697901,0.34033056839845066,1.2316278568001293,0.7335315656453761,4.0,1.1116122007369995,0.5846602916717529,1.0,0.779544901719697,0.4253511148769037,0.6823850869265788,0.17639016805487595,nan
2,7,32,18,0.5589048111542864,0.3367477719830634,1.2288312167579951,0.7239806719742488,4.0,1.109189748764038,0.5812323093414307,1.0,0.7593898590854717,0.4141890840925063,0.698705973893819,0.2017062792069344,nan
2,7,32,19,0.5620485717292436,0.33973309814149116,1.2257049536600904,0.7255737888240398,4.0,1.108992576599121,0.5831868052482605,1.0,0.7409250244076359,0.40290510955776676,0.6952859641223624,0.2035405354336769,nan
2,7,32,20,0.5595366181765061,0.3393620366482756,1.2208055830418283,0.7295818526671963,4.0,1.107271671295166,0.5828023552894592,1.0,0.7763202615032437,0.42266819133842426,0.6952966084104779,0.20615248492132607,nan
2,7,32,21,0.5534433726400267,0.3368683627208768,1.2149585704095498,0.7295961353976653,4.0,1.1041052341461182,0.5814344882965088,1.0,0.7736870691177598,0.4136636415448807,0.6918393436306177,0.18896928173191646,nan
2,7,32,22,0.5508533536607001,0.33496616064981605,1.2156504868940494,0.7297538682883483,4.0,1.104845404624939,0.5795792937278748,1.0,0.7767925867429051,0.42666793166033257,0.6830003267796452,0.17715964303641418,nan
2,7,32,23,0.556503096392061,0.33573905668144144,1.226587379082842,0.7317697611438135,4.0,1.1081502437591553,0.579293966293335,1.0,0.7758054519827664,0.4183099823646651,0.6951294930870671,0.20210366911316674,nan
2,7,32,24,0.5570229587336295,0.33799665541628043,1.2197015204804433,0.7367889334541221,4.0,1.1039841175079346,0.5811105966567993,1.0,0.7849933024780831,0.43153234401055224,0.7009583052590236,0.21589929565292493,nan
2,7,32,25,0.5531636691249614,0.3352019443262092,1.2204253392448592,0.7359752415569588,4.0,1.1030784845352173,0.5795552134513855,1.0,0.772275508062017,0.4185151993285136,0.6921086441199356,0.20309549850196226,nan
2,7,32,26,0.546612453642891,0.33299303308584804,1.2124651558534547,0.729496024841825,4.0,1.102216362953186,0.5772132277488708,1.0,0.7818432180093366,0.43635039954914934,0.6959948737108438,0.19511904429852575,nan
2,7,32,27,0.5486666914156951,0.3329103255245883,1.2178500614832581,0.7299784237120349,4.0,1.1051822900772095,0.5771459341049194,1.0,0.7790209289229652,0.4299176138107529,0.6952513701859876,0.21284651866925208,nan
2,7,32,28,0.549904543369618,0.3341911584789576,1.2161395609639096,0.7326366969071101,4.0,1.1031180620193481,0.578510582447052,1.0,0.7554554814718555,0.3823131323159447,0.6965675364114485,0.21134775284237672,nan
2,7,32,29,0.550418713988175,0.33510137014253694,1.2139915717220724,0.7292535664212756,4.0,1.10182523727417,0.5781428217887878,1.0,0.7858375734311639,0.41642937622642123,0.6995117465041497,0.20597488253465313,nan
2,7,32,30,0.547561927133252,0.3319879156012723,1.2184614591202882,0.7296482163225199,4.0,1.102150559425354,0.5763481855392456,1.0,0.7846188576893216,0.4348944523583538,0.6952721265478126,0.20850700084626186,nan
2,7,32,31,0.5439917527171723,0.33224007441747655,1.2089244541122404,0.7379542987419528,4.0,1.1024090051651,0.57640141248703,1.0,0.7827220595046499,0.4301892001259229,0.6989848542424407,0.1958961981408397,nan
2,7,32,32,0.5436628132928407,0.33291135311907555,1.2056146303118576,0.7349616695179169,4.0,1.0978420972824097,0.5760704278945923,1.0,0.7755647077248086,0.42678512567328725,0.7031244178904937,0.21217630826966116,nan
2,7,32,33,0.5497213265000472,0.33442284004136463,1.2148088078832002,0.71998009515121,4.0,1.1007561683654785,0.577347993850708,1.0,0.7833355825011413,0.4375278071817183,0.7062591607404591,0.2217886989121781,nan
2,7,32,34,0.5424547293040429,0.33123176476580607,1.2087863012172249,0.7257976204026735,4.0,1.1006975173950195,0.5777291655540466,1.0,0.77417772090993,0.43424243642955007,0.6932582272363915,0.20796051815223981,nan
2,7,32,35,0.5714741731835244,0.3522441700165969,1.2037519929710954,0.7375731580122069,4.0,1.098832607269287,0.5874014496803284,1.0,0.7653384914248395,0.3719489527821069,0.7036555678674488,0.20143556988039193,nan
2,7,32,36,0.5484169613586243,0.33754265093647234,1.2004078407995566,0.7373920267846387,4.0,1.0941674709320068,0.5833482146263123,1.0,0.7827599621473389,0.4230494491490249,0.691416765392439,0.20752542166096039,nan
2,7,32,37,0.547148568271029,0.33720215972854584,1.198636824647412,0.7306630574980157,4.0,1.09345281124115,0.5816376805305481,1.0,0.7814375347787984,0.43457320287317636,0.6878402845856871,0.19738533885401383,nan
2,7,32,38,0.5420202115737716,0.33340983854110584,1.1998080673696694,0.7299344656769365,4.1,1.0932319164276123,0.5785931944847107,1.0,0.7734221671314947,0.4200373876781,0.6928430999998935,0.1989179839631864,nan
2,7,32,39,0.552323599439521,0.3349537281360168,1.219144579104461,0.6970255926706905,4.0,1.1000574827194214,0.5797784328460693,1.0,0.7775506395966825,0.4234842828841424,0.6976085477891282,0.20160233828989335,nan
2,7,32,40,0.5519979436064392,0.3367397793645942,1.2120175793701904,0.6763723240148553,4.0,1.100904941558838,0.5790029764175415,1.0,0.7735775263152633,0.4292377736772058,0.7010572971384961,0.2011463397795456,nan
2,7,32,41,0.5389136373996735,0.33273822114717494,1.1948675653819953,0.6838367492871513,4.0,1.0969305038452148,0.5785054564476013,1.0,0.7774098583524096,0.43277196846688415,0.7008151395838723,0.20292170049648167,nan
2,7,32,42,0.5415116812724734,0.3331444348700702,1.199627606369002,0.6866234093253789,4.0,1.0987567901611328,0.5799179673194885,1.0,0.7832526965022941,0.4300175108822191,0.6945930209660544,0.20166831001529273,nan
2,7,32,43,0.5402916059483607,0.3313279310037996,1.2031098047198165,0.686610645862646,4.0,1.0997616052627563,0.5790738463401794,1.0,0.7728148918233587,0.43376159362997446,0.7018918093267381,0.2127662384309893,nan
2,7,32,44,0.5372272658296027,0.33277614388663695,1.1906461497061118,0.6865156849919448,4.0,1.094080924987793,0.5769713521003723,1.0,0.7807536211601707,0.4289674454675284,0.6970561092359424,0.20624653137308752,nan
